id,group,option,image
52,8,Cadet Grey 5408,images/products/2018/01/CadetGrey8oz54082.jpg
56,8,China Red 5410,images/products/2018/01/ChinaRed8oz5410.jpg
75,8,Royal Navy 5442,images/products/2018/01/RoyalNavy8oz54422.jpg
79,8,Steel Blue 5439,images/products/2018/01/SteelBlue8oz54392.jpg
84,9,Avila Chablis 8385,images/products/2018/01/AvilaChablis83852.jpg
86,9,Avila Granite 8387,images/products/2018/01/AvilaGranite8387.jpg
91,9,Glory Marine 4080,images/products/2018/01/GloryMarine4080.jpg
95,9,Jinga Granite 208J,images/products/2018/01/JingaGranite208j.jpg
97,9,Jinga Seamist 210J,images/products/2018/01/JingaSeamist210j2.jpg
98,9,Jinga Stone 218J,images/products/2018/01/JingaStone218j2.jpg
100,9,Memo Flax 0521,images/products/2018/01/MemoFlax05212.jpg
102,9,Memo Oats 0520,images/products/2018/01/MemoOats0520.jpg
104,9,Sierra Delft 3274,images/products/2018/01/SierraDelft3274.jpg
44,12,Avalon Amber 2476,images/products/2018/01/AvalonAmber2476.jpg
107,9,Sierra Stone 3280,images/products/2018/01/SierraStone3280.jpg
110,9,Sydney Birch 2696,images/products/2018/01/SydneyBirch26962.jpg
112,9,Sydney Oats 2675,images/products/2018/01/SydneyOats2675.jpg
114,9,Sydney Putty 2691,images/products/2018/01/SydneyPutty26912.jpg
123,10,Rumor Bamboo 6652,images/products/2018/01/RumorBamboo66522.jpg
128,10,Scoop Birch 1901,images/products/2018/01/ScoopBirch19012.jpg
130,10,Scoop Chili 1911,images/products/2018/01/ScoopChili19112.jpg
36,8,Antique Beige 5406,images/products/2018/01/AntiqueBeige8oz2.jpg
38,9,Avila Buff 8376,images/products/2018/01/AvilaBuff83762.jpg
37,8,Aquamarine 5407,images/products/2018/01/Aquamarine8oz5407.jpg
22,7,8,
39,9,Avila Cascade 8389,images/products/2018/01/AvilaCascade8389.jpg
133,10,Scoop Peacock 1929,images/products/2018/01/ScoopPeacock19292.jpg
121,10,Rumor Aquatic 6663,images/products/2018/01/RumorAquatic66682.jpg
135,10,Scoop Timber 1904,images/products/2017/12/ScoopTimber19042.jpg
137,10,Sparkle Birch 1706,images/products/2017/12/SparkleBirch1706.jpg
139,10,Sparkle Cork 1720,images/products/2017/12/SparkleCork1720.jpg
141,10,Sparkle Dove 1730,images/products/2017/12/SparkleDove1730.jpg
144,10,Sparkle Mica 1710,images/products/2017/12/SparkleMica17102.jpg
148,10,Sparkle Pool 1713,images/products/2017/12/SparklePool17132.jpg
150,10,Sparkle Snow 1732,images/products/2017/12/SparkleSnow1732.jpg
49,8,Aquatic 5436,images/products/2017/12/RumorAquatic66682.jpg
50,8,Black 5405,images/products/2017/12/Black8oz5405.jpg
53,8,Canary 5424,images/products/2017/12/Canary8oz.jpg
57,8,Dandelion 5414,images/products/2017/12/Dandelion8oz54142.jpg
60,8,Golden 5443,images/products/2017/12/Golden8oz54432.jpg
63,8,Khaki 5411,images/products/2017/12/Khaki8oz5411.jpg
65,8,Lemongrass 5446,images/products/2017/12/Crazy_HorseLemongrass3983.jpg
68,8,Neptune 5433,images/products/2017/12/Neptune8oz5433.jpg
72,8,Pesto 5432,images/products/2017/12/Pesto8oz54322.jpg
74,8,Pottery 5437,images/products/2017/12/Pottery8oz54372.jpg
77,8,Sandstone 5445,images/products/2017/12/kleSandstone1721.jpg
87,9,Burnish 5460,images/products/2017/12/Burnish8oz54602.jpg
90,9,Crimson 5451,images/products/2017/12/Crimson8oz54512.jpg
119,10,Delaney Granite 4877,images/products/2017/12/DelaneyGranite4877.jpg
41,10,Delaney Cactus 4882,images/products/2017/12/DelaneyCactus4882.jpg
43,11,Bistro Checkerboard 7036,images/products/2017/12/BistroCheckerboard7036.jpg
45,12,Avalon Charcoal 2484,images/products/2017/12/AvalonCharcoal2484.jpg
131,10,Scoop Dove 1923,images/products/2017/12/ScoopDove1923.jpg
67,8,Natural White 5409,images/products/2017/12/NaturalWhite8oz5409.jpg
93,9,Glory Seaglass 4084,images/products/2017/12/GlorySeaglass4084.jpg
106,9,Sierra Meringue 3281,images/products/2017/12/SierraMeringue3281.jpg
124,10,Rumor Buttercup 6662,images/products/2017/12/RumorButtercup6662.jpg
126,10,Rumor Mushroom 6669,images/products/2017/12/RumorMushroom6669.jpg
142,10,Sparkle Granite 1711,images/products/2017/12/SparkleGranite1711.jpg
146,10,Sparkle Nautical 1723,images/products/2017/12/SparkleNautical1723.jpg
147,10,Sparkle Pesto 1702,images/products/2018/01/SparkleSandstone1721.jpg
80,8,Stone 5438,images/products/2018/01/stone.jpg
42,11,Bistro Apple 7041,images/products/2018/01/BistroApple70412.jpg
40,10,Delaney Birch 4876,images/products/2017/12/DelaneyBirch48762.jpg
54,8,Captain's Navy 5403,images/products/2018/01/Undefined
46,13,No Piping,
47,13,White Piping,
122,10,Rumor Aquatic 6668,images/products/2017/12/RumorAquatic66682.jpg
55,8,Cardinal Red 5418,images/products/2017/12/CardinalRed8oz.jpg
85,9,Avila Cocoa 8378,images/products/2017/12/AvilaCocoa83782.jpg
88,9,Classic Royal Blue 5434,images/products/2017/12/AvilaCocoa83782.jpg
92,9,Glory Mercury 4082,images/products/2017/12/GloryMercury4082.jpg
99,9,Memo Bark 0531,images/products/2017/12/MemoBark0531.jpg
101,9,Memo Hemp 0522,images/products/2017/12/MemoHemp05222.jpg
103,9,Sierra Beach 3270,images/products/2017/12/SierraBeach.jpg
105,9,Sierra Jute 3280,images/products/2017/12/SierraJute3280.jpg
108,9,Sierra Terra 3283,images/products/2017/12/SierraTerra32832.jpg
111,9,Sydney Cloud 2693,images/products/2017/12/SydneyCloud26932.jpg
113,9,Sydney Peach 2695,images/products/2017/12/SydneyPeach26952.jpg
125,10,Rumor Dove 6677,images/products/2017/12/RumorDove6677.jpg
127,10,Rumor Snow 6675,images/products/2017/12/RumorSnow6675.jpg
61,8,Island Blue 5441,images/products/2017/12/IslandBlue8oz5441.jpg
159,11,Donovan Cascade 3629,images/products/2017/12/DonovanCascade3629.jpg
160,11,Donovan Crystal 3625,images/products/2017/12/DonovanCrystal3625.jpg
161,11,Donovan Garden 3627,images/products/2017/12/DonovanGarden3627.jpg
164,11,Fenway Laguna 1512,images/products/2017/12/FenwayLaguna1512.jpg
163,11,Fenway Flannel 1513,images/products/2017/12/FenwayFlannel1513.jpg
168,11,Luna Admiral 5801,images/products/2017/12/LunaAdmiral58012.jpg
169,11,Luna Carosel 5803,images/products/2017/12/LunaCarosel58032.jpg
176,11,Tory Indigo 8029,images/products/2017/12/ToryIndigo8029.jpg
170,11,Marisol Baltic 2025,images/products/2017/12/MarisolBaltic2025.jpg
171,11,Marisol Seamist 2028,images/products/2017/12/MarisolSeamist2028.jpg
172,11,Soulmate Charcoal 0839,images/products/2017/12/SoulmateCharcoal0839.jpg
173,11,Soulmate Nectar 0831,images/products/2017/12/SoulmateNectar0831.jpg
174,11,Spotlight Nectar 2451,images/products/2017/12/SpotlightNectar2451.jpg
175,11,Spotlight Sterling 2453,images/products/2017/12/SpotlightSterling2453.jpg
177,11,Tory Radiant 8031,images/products/2017/12/ToryRadiant80312.jpg
186,12,Czar Jute 2076,images/products/2017/12/CzarJute2076.jpg
178,11,Tradewinds Brass 3815,images/products/2017/12/TradewindsBrass3815.jpg
179,11,Tradewinds Garden 3814,images/products/2017/12/TradewindsGarden3814.jpg
180,11,Tradewinds Mystic Blue 3812,images/products/2017/12/TradewindsGarden3814.jpg
181,11,Tradewinds Nautical 3805,images/products/2017/12/TradewindsNautical3805.jpg
182,12,Avalon Sapphire 2481,images/products/2017/12/AvalonSapphire2481.jpg
188,12,Fame Aruba 7579,images/products/2017/12/FameAruba75792.jpg
187,12,Elements Burlap 2122,images/products/2017/12/ElementsBurlap2122.jpg
190,12,Fame Granite 7576,images/products/2017/12/FameGranite75762.jpg
194,12,Locket Apple 4577,images/products/2017/12/LocketApple4577.jpg
192,12,Lavalier Apricot 6555,images/products/2017/12/LavalierApricot6555.jpg
199,12,Poet Licorice 0427,images/products/2017/12/PoetLicorice0427.jpg
196,12,Palmetto Azure 1832,images/products/2017/12/PalmettoAzure1832.jpg
200,12,Timbre Peat 8176,images/products/2017/12/TimbrePeat81762.jpg
202,12,Trace Aloe 2179,images/products/2017/12/TraceAloe2179.jpg
204,12,Whisper Earth 3376,images/products/2017/12/WhisperEarth3376.jpg
206,12,Wyndham Silver 2731,images/products/2017/12/WyndhamSilver2731.jpg
153,11,Bisto Checkerboard 7036,images/products/2018/01/BistroCheckerboard7036.jpg
154,11,Bisto Dove 7047,images/products/2018/01/BistroDove7047.jpg
129,10,Scoop Brick 1919,images/products/2017/12/ScoopBrick19192.jpg
132,10,Scoop Jute 1903,images/products/2017/12/ScoopJute1903.jpg
134,10,Scoop Seamist 1900,images/products/2017/12/ScoopSeamist1900.jpg
143,10,Sparkle Jute 1718,images/products/2017/12/SparkleJute17182.jpg
162,11,Fenway Coal 1510,images/products/2017/12/FenwayCoal15102.jpg
118,10,Delaney Dove 4880,images/products/2017/12/DelaneyDove48802.jpg
120,10,Delaney Straw 4884,images/products/2017/12/DelaneyStraw4884.jpg
71,8,Pacific Blue 5402,images/products/2017/12/PacificBlue8oz5402.jpg
82,8,Terra Cotta 5415,images/products/2017/12/TerraCotta80z5415.jpg
94,9,Jinga Expresso 223J,images/products/2017/12/JingaExpresso223j.jpg
96,9,Jinga Nautical 213J,images/products/2017/12/JingaNautical213j.jpg
115,9,Sydney Shamrock 2692,images/products/2017/12/SydneyShamrock2692.jpg
136,10,Sparkle Baltic 1743,images/products/2017/12/SparkleBaltic1743.jpg
138,10,Sparkle Buttercup 1712,images/products/2017/12/SparkleButtercup1712.jpg
140,10,Sparkle Crimson 1737,images/products/2017/12/SparkleCrimson1737.jpg
145,10,Sparkle Mushroom 1733,images/products/2017/12/SparkleMushroom1733.jpg
149,10,Sparkle Sandstone 1721,images/products/2017/12/SparkleSandstone1721.jpg
151,10,Sparkle Turquoise 1728,images/products/2017/12/SparkleTurquoise1728.jpg
158,11,Donovan Butterscotch 3628,images/products/2017/12/DonovanButterscotch3628.jpg
198,12,Poet Grey 0426,images/products/2018/01/PoetGray0426.jpg
183,12,Crazy Horse Lemongrass 3983,images/products/2018/01/Crazy_HorseLemongrass3983.jpg
184,12,Crazy Horse Licorice 3973,images/products/2018/01/Crazy_HorseLicorice3975.jpg
185,12,Crazy Horse Truffle 3976,images/products/2018/01/Crazy_HorseTruffle3976_.jpg
189,12,Fame Champahne 7578,images/products/2018/01/FameChampagne7578.jpg
81,8,Taupe 5412,images/products/2017/12/Taupe8oz54122.jpg
89,9,Clover 5458,images/products/2017/12/Clover8oz54582.jpg
116,9,Wren 5456,images/products/2017/12/Wren8oz5456.jpg
191,12,Gypsy Nautical 1882,images/products/2017/12/GypsyNautical1882.jpg
195,12,Mirabella Goldenrod 1625,images/products/2017/12/MirabellaGoldenrod1625.jpg
197,12,Palmetto Sawgrass 1826,images/products/2017/12/PalmettoSawgrass1826.jpg
201,12,Timbre Sterling 8177,images/products/2017/12/TimbreSterling8177.jpg
203,12,Whisper Antique 3381,images/products/2017/12/WhisperAntique3381.jpg
59,8,Forest Green 5401,images/products/2018/01/Forestgreen8oz5401.jpg
109,9,Sierra Turquoise 3273,images/products/2018/01/SierraTurquiose3273.jpg
70,8,Oz Green 5417,images/products/2018/01/Ozgreen8oz5417.jpg
157,11,Captiva Admiral 3006,images/products/2018/01/CaptivaAdmiral3006.jpg
208,14,Original Bedswing,
209,14,Mini Bedswing,
48,13,Piping Fabric Same as Cushions/Pillows,
260,17,No Piping,
261,17,White Piping,
262,17,Piping Fabric Same as Cushions/Pillows,
210,7,9,
211,7,10,
212,7,11,
213,7,12,
214,7,13,
215,7,14,
216,7,15,
217,7,16,
218,7,17,
219,7,18,
221,16,No Piping,
222,16,White Piping,
263,17,Delaney Birch 4876,
264,17,Delaney Cactus 4882,
265,17,Delaney Dove 4880,
266,17,Delaney Granite 4877,
267,17,Delaney Straw 4884,
223,16,Piping Fabric Same as Cushions/Pillows,
224,16,Avila Buff 8376,
225,16,Avila Cascade 8389,
226,16,Avila Chablis 8385,
227,16,Avila Cocoa 8378,
228,16,Avila Granite 8387,
193,12,Lavalier Palm 6550,images/products/2017/12/LavalierPalm65502.jpg
205,12,Whitney Palm 475W,images/products/2017/12/WhitneyPalm475W.jpg
51,8,Burgundy 5404,images/products/2017/12/Burgundy8oz54042.jpg
58,8,Flamingo 5461,images/products/2017/12/Flamingo8oz5461.jpg
62,8,Ivory 5430,images/products/2017/12/Ivory8oz5430.jpg
64,8,Kona 5426,images/products/2017/12/Kona8oz54262.jpg
66,8,Linen 5413,images/products/2017/12/Linen8oz54132.jpg
69,8,Olive 5428,images/products/2017/12/Olive8oz54282.jpg
73,8,Petrol 5447,images/products/2017/12/Petrol8oz54472.jpg
76,8,Sand 5419,images/products/2017/12/kleSandstone1721.jpg
78,8,Sepia 5421,images/products/2017/12/Sepia8oz5421.jpg
117,9,Zinc 5457,images/products/2018/01/Undefined
268,17,Rumor Aquatic 6663,
269,17,Rumor Aquatic 6668,
270,17,Rumor Bamboo 6652,
155,11,Bistro Maritime 7043,images/products/2018/01/BistroMaritime7043.jpg
156,11,Bistro Turquoise 7037,images/products/2018/01/BistroTurquoise7037.jpg
165,11,Longitude Beach 7850,images/products/2018/01/LongtitudeBeach7850.jpg
166,11,Longitude Mica 7856,images/products/2018/01/LongtitudeMica7856.jpg
167,11,Longitude Pool 7857,images/products/2018/01/LontitudePool7857.jpg
229,16,Burnish 5460,
230,16,Classic Royal Blue 5434,
231,16,Clover 5458,
232,16,Crimson 5451,
233,16,Glory Marine 4080,
234,16,Glory Mercury 4082,
235,16,Glory Seaglass 4084,
236,16,Jinga Expresso 223J,
237,16,Jinga Granite 208J,
238,16,Jinga Nautical 213J,
239,16,Jinga Seamist 210J,
240,16,Jinga Stone 218J,
241,16,Memo Bark 0531,
242,16,Memo Flax 0521,
243,16,Memo Hemp 0522,
244,16,Memo Oats 0520,
245,16,Sierra Beach 3270,
246,16,Sierra Delft 3274,
247,16,Sierra Jute 3280,
248,16,Sierra Meringue 3281,
249,16,Sierra Stone 3280,
250,16,Sierra Terra 3283,
251,16,Sierra Turquoise 3273,
252,16,Sydney Birch 2696,
253,16,Sydney Cloud 2693,
254,16,Sydney Oats 2675,
255,16,Sydney Peach 2695,
256,16,Sydney Putty 2691,
257,16,Sydney Shamrock 2692,
258,16,Wren 5456,
259,16,Zinc 5457,
271,17,Rumor Buttercup 6662,
272,17,Rumor Dove 6677,
273,17,Rumor Mushroom 6669,
274,17,Rumor Snow 6675,
275,17,Scoop Birch 1901,
276,17,Scoop Brick 1919,
277,17,Scoop Chili 1911,
278,17,Scoop Dove 1923,
279,17,Scoop Jute 1903,
280,17,Scoop Peacock 1929,
281,17,Scoop Seamist 1900,
282,17,Scoop Timber 1904,
283,17,Sparkle Baltic 1743,
284,17,Sparkle Birch 1706,
285,17,Sparkle Buttercup 1712,
286,17,Sparkle Cork 1720,
287,17,Sparkle Crimson 1737,
288,17,Sparkle Dove 1730,
289,17,Sparkle Granite 1711,
290,17,Sparkle Jute 1718,
291,17,Sparkle Mica 1710,
292,17,Sparkle Mushroom 1733,
293,17,Sparkle Nautical 1723,
294,17,Sparkle Pesto 1702,
295,17,Sparkle Pool 1713,
296,17,Sparkle Sandstone 1721,
297,17,Sparkle Snow 1732,
298,17,Sparkle Turquoise 1728,
299,18,No Piping,
300,18,White Piping,
301,18,Piping Fabric Same as Cushions/Pillows,
302,18,Bisto Apple 7041,
303,18,Bisto Checkerboard 7036,
304,18,Bisto Dove 7047,
305,18,Bisto Maritime 7043,
306,18,Bisto Turquoise 7037,
307,18,Capita Admiral 3006,
308,18,Donovan Butterscotch 3628,
309,18,Donovan Cascade 3629,
310,18,Donovan Crystal 3625,
311,18,Donovan Garden 3627,
312,18,Fenway Coal 1510,
313,18,Fenway Flannel 1513,
314,18,Fenway Laguna 1512,
315,18,Longitude Beach 7850,
316,18,Longitude Mica 7856,
317,18,Longitude Pool 7857,
318,18,Luna Admiral 5801,
319,18,Luna Carosel 5803,
320,18,Marisol Baltic 2025,
321,18,Marisol Seamist 2028,
322,18,Soulmate Charcoal 0839,
323,18,Soulmate Nectar 0831,
324,18,Spotlight Nectar 2451,
325,18,Spotlight Sterling 2453,
326,18,Tory Indigo 8029,
327,18,Tory Radiant 8031,
328,18,Tradewinds Brass 3815,
329,18,Tradewinds Garden 3814,
330,18,Tradewinds Mystic Blue 3812,
331,18,Tradewinds Nautical 3805,
332,19,No Piping,
333,19,White Piping,
334,19,Piping Fabric Same as Cushions/Pillows,
335,19,Avalon Amber 2476,
336,19,Avalon Charcoal 2484,
337,19,Avalon Sapphire 2481,
338,19,Crazy Horse Lemongrass 3983,
339,19,Crazy Horse Licorice 3973,
340,19,Crazy Horse Truffle 3976,
341,19,Czar Jute 2076,
342,19,Elements Burlap 2122,
343,19,Fame Aruba 7579,
344,19,Fame Champahne 7578,
345,19,Fame Granite 7576,
346,19,Gypsy Nautical 1882,
347,19,Lavalier Apricot 6555,
348,19,Lavalier Palm 6550,
349,19,Locket Apple 4577,
350,19,Mirabella Goldenrod 1625,
351,19,Palmetto Azure 1832,
352,19,Palmetto Sawgrass 1826,
353,19,Poet Grey 0426,
354,19,Poet Licorice 0427,
355,19,Timbre Peat 8176,
356,19,Timbre Sterling 8177,
357,19,Trace Aloe 2179,
358,19,Whisper Antique 3381,
359,19,Whisper Earth 3376,
360,19,Whitney Palm 475W,
361,19,Wyndham Silver 2731,
362,15,No Piping,
363,15,White Piping,
364,15,Piping Fabric Same as Cushions/Pillows,
365,15,Antique Beige 5406,
366,15,Aquamarine 5407,
367,15,Aquatic 5436,
368,15,Black 5405,
369,15,Burgundy 5404,
370,15,Captain's Navy 5403,
371,15,Cadet Grey 5408,
372,15,Canary 5424,
373,15,Cardinal Red 5418,
374,15,China Red 5410,
375,15,Dandelion 5414,
376,15,Flamingo 5461,
377,15,Forest Green 5401,
378,15,Golden 5443,
379,15,Island Blue 5441,
380,15,Ivory 5430,
381,15,Khaki 5411,
382,15,Kona 5426,
383,15,Lemongrass 5446,
384,15,Linen 5413,
385,15,Natural White 5409,
386,15,Neptune 5433,
387,15,Olive 5428,
388,15,Oz Green 5417,
389,15,Pacific Blue 5402,
390,15,Pesto 5432,
391,15,Petrol 5447,
392,15,Pottery 5437,
393,15,Royal Navy 5442,
394,15,Sand 5419,
395,15,Sandstone 5445,
396,15,Sepia 5421,
397,15,Steel Blue 5439,
398,15,Stone 5438,
399,15,Taupe 5412,
400,15,Terra Cotta 5415,
